"Timestamp","Email","Are you aware of what a CRM does","Have you ever used a CRM before?","If yes, which CRM did you use?","How much would you rate the above interface?","How much would you rate the above interface?","How much would you rate the above interface?","On the basis of UI, which one would you try out first?","Comments"
"2018/11/28 10:42:58 AM EST","","I have a slight idea","I've played around a little","Zoho","4","2","3","Suite CRM","Suite provided enough information to be useful and not overwhelming."
"2018/11/28 11:10:34 AM EST","","I have a slight idea","I've played around a little","","5","5","3","vTiger",""
"2018/11/28 11:20:13 AM EST","","Yes, Fully aware","Yes, Extensively","Can't tell. Confidential","1","3","3","vTiger","It will be great if you could explore more choices in your research study."
"2018/11/28 11:23:55 AM EST","","I have a slight idea","I've played around a little","SAP CRM","4","4","5","DjangoCRM",""
"2018/11/28 11:26:34 AM EST","ojasdharma9@gmail.com","Yes, Fully aware","Yes, Extensively","","3","4","2","vTiger",""
"2018/11/28 11:34:42 AM EST","Dawood.multhan@gmail.com","I have a slight idea","Never","","4","3","5","DjangoCRM",""
"2018/11/28 11:52:35 AM EST","hatimb5253@gmail.com","I have a slight idea","I've played around a little","Django","4","4","4","vTiger","NC"
"2018/11/28 12:05:11 PM EST","ani.pande1995@gmail.com","No Clue","Never","Nope Man","3","4","2","vTiger","I would really like to learn about CRM"
"2018/11/28 12:06:21 PM EST","ssgodbol@ncsu.edu","No Clue","Never","None","4","4","4","DjangoCRM",""
"2018/11/28 1:02:13 PM EST","richa_dua@ncsu.edu","I have a slight idea","I've played around a little","Sugar CRM","4","4","3","Suite CRM",""
"2018/11/28 1:28:17 PM EST","alokann@ncsu.edu","Yes, Fully aware","I've played around a little","Django CRM","4","4","3","Suite CRM",""
"2018/11/29 2:19:35 PM EST","kartikcr7raina@gmail.com","I have a slight idea","Never","","4","5","2","DjangoCRM",""
"2018/11/29 2:20:44 PM EST","abhishek.akotiya@gmail.com","I have a slight idea","Never","","4","3","2","Suite CRM",""
"2018/11/29 2:22:08 PM EST","asaxena6@ncsu.edu","I have a slight idea","Never","","4","4","4","DjangoCRM",""
"2018/11/29 2:26:36 PM EST","sachando@ncsu.edu","No Clue","Never","","4","5","3","vTiger",""
"2018/11/29 2:26:49 PM EST","pverma6@ncsu.edu","I have a slight idea","I've played around a little","SuiteCRM, vTiger, DjangoCRM","4","5","4","Suite CRM",""